year,rank,country,state,gdp
2020,1,the United States,America,20936600000000
2020,2,China,Asia,14722730697890
2020,3,Germany,Europe,3806060140124
2020,4,United Kingdom,Europe,2707743777173
2020,5,India,Asia,2622983732006
2020,6,France,Europe,2603004395901
2020,7,Italy,Europe,1886445268340
2020,8,Canada,America,1643407977068
2020,9,South Korea,Asia,1630525005469
2020,10,Russia,Europe,1483497784867
2020,11,Brazil,America,1444733258971
2020,12,Australia,Oceania,1330900925056
2020,13,Spain,Europe,1281199091016
2020,14,Mexico,America,1076163316174
2020,15,Indonesia,Asia,1058423838345
2020,16,Netherlands,Europe,912242335119
2020,17,Switzerland,Europe,747968636174
2020,18,Turkey,Europe,720101212394
2020,19,Saudi Arabia,Asia,700117873249
2020,20,Poland,Europe,594164690894
2020,21,Sweden,Europe,537609865719
2020,22,Belgium,Europe,515332499627
2020,23,Thailand,Asia,501794961925
2020,24,Nigeria,Africa,432293776262
2020,25,Austria,Europe,428965397959
2020,26,Ireland,Europe,418621818482
2020,27,Israel,Asia,401953804837
2020,28,Argentina,America,383066977653
2020,29,Egypt,Africa,363069245165
2020,30,Norway,Europe,362008956544
2020,31,Philippines,Asia,361489354350
2020,32,Denmark,Europe,355184024841
2020,33,Hong Kong,Asia,346585881503
2020,34,Singapore,Asia,339998477929
2020,35,Malaysia,Asia,336664444247
2020,36,Bangladesh,Asia,324239176765
2020,37,South Africa,Africa,301923639269
2020,38,Columbia,America,271346896626
2020,39,Finland,Europe,271233883403
2020,40,Vietnam,Asia,271158442059
2020,41,Pakistan,Asia,263686552686
2020,42,Chile,America,252940023046
2020,43,Romania,Europe,248715551366
2020,44,Czech,Europe,243530379896
2020,45,Portugal,Europe,231255587276
2020,46,New Zealand,Oceania,212482013605
2020,47,Peru,America,202014363787
2020,48,Iran,Asia,191718271483
2020,49,Greece,Europe,189410106620
2020,50,Kazakhstan,Asia,169835426427
2020,51,Iraq,Asia,167224432560
2020,52,Ukraine,Europe,155582008717
2020,53,Hungary,Europe,155012927629
2020,54,Qatar,Asia,146373588866
2020,55,Algeria,Africa,145163902228
2020,56,Morocco,Africa,112870591694
2020,57,Ethiopia,Africa,107645054311
2020,58,Slovakia,Europe,104574146248
2020,59,Puerto Rico,America,103138300000
2020,60,Kenya,Africa,98842939649
2020,61,Ecuador,America,98808010000
2020,62,Sri Lanka,Asia,80706600228
2020,63,Dominica,America,78844702329
2020,64,Guatemala,America,77604632170
2020,65,Myanmar,Asia,76185586096
2020,66,Luxembourg,Europe,73263982103
2020,67,Garner,Africa,72354428864
2020,68,Bulgaria,Europe,69105101089
2020,69,Tanzania,Africa,62409748426
2020,70,Angola,Africa,62306913444
2020,71,Costa Rica,America,61520669890
2020,72,C ô te d'Ivoire,Africa,61348579465
2020,73,Belarus,Europe,60258239055
2020,74,Uzbekistan,Asia,57707189945
2020,75,Croatia,Europe,55966581780
2020,76,Lithuania,Europe,55887271833
2020,77,Uruguay,America,53628827440
2020,78,Serbia,Europe,52960134078
2020,79,Panama,America,52938100000
2020,80,Slovenia,Europe,52880473699
2020,81,Congo (gold),Africa,49868970641
2020,82,Jordan,Asia,43697659275
2020,83,Azerbaijan,Asia,42607176470
2020,84,Cameroon,Africa,39802147568
2020,85,Tunisia,Africa,39235672868
2020,86,Uganda,Africa,37372032557
2020,87,Bolivia,America,36688861202
2020,88,Paraguay,America,35304238230
2020,89,Nepal,Asia,33657175561
2020,90,Latvia,Europe,33505185228
2020,91,Lebanon,Asia,33383246857
2020,92,Estonia,Europe,31029968591
2020,93,Sudan,Africa,26110829190
2020,94,Libya,Africa,25418461532
2020,95,Cambodia,Asia,25291251427
2020,96,Senegal,Africa,24910904235
2020,97,El Salvador,America,24638720000
2020,98,Honduras,America,23827840809
2020,99,Cyprus,Europe,23804340376
2020,100,Papua New Guinea,Oceania,23591523025
2020,101,Iceland,Europe,21714670569
2020,102,Trinidad and Tobago,America,21529824769
2020,103,Afghanistan,Asia,19807067268
2020,104,Bosnia and Herzegovina,Europe,19788422248
2020,105,Zambia,Africa,19320053859
2020,106,Laos,Asia,19136194848
2020,107,Mali,Africa,17393761397
2020,108,Burkina Faso,Africa,17369059295
2020,109,Zimbabwe,Africa,16768513442
2020,110,Georgia,Asia,15891688903
2020,111,Botswana,Africa,15781732825
2020,112,Guinea,Africa,15681050917
2020,113,Benin,Africa,15651545208
2020,114,Gabon,Africa,15593181270
2020,115,Palestine,Asia,15561300000
2020,116,Albania,Europe,14799615097
2020,117,Malta,Europe,14647384607
2020,118,Mozambique,Africa,14021421105
2020,119,Jamaica,America,13812421803
2020,120,Madagascar,Africa,13720634105
2020,121,Niger,Africa,13678234008
2020,122,Haiti,America,13417997065
2020,123,Mongolia,Asia,13137128659
2020,124,Armenia,Asia,12645459213
2020,125,Nicaragua,America,12621476263
2020,126,Macedonia,Europe,12266949805
2020,127,Brunei,Asia,12016056665
2020,128,Malawi,Africa,11961848552
2020,129,Moldova,Europe,11914040905
2020,130,Bahamas,America,11250000000
2020,131,Mauritius,Africa,10914065306
2020,132,Congo (Brazzaville),Africa,10884686142
2020,133,Namibia,Africa,10699926682
2020,134,Rwanda,Africa,10333991891
2020,135,Chad,Africa,10093118570
2020,136,Equatorial Guinea,Africa,10021856754
2020,137,Tajikistan,Asia,8194150301
2020,138,Mauritania,Africa,7778525642
2020,139,Kyrgyzstan,Asia,7735976612
2020,140,Togo,Africa,7574635241
2020,141,Guyana,America,5471256594
2020,142,Somalia,Africa,4917607582
2020,143,Montenegro,Europe,4778582336
2020,144,Fiji Islands,Oceania,4376014755
2020,145,Barbados,America,4365500000
2020,146,Maldives,Asia,4030203166
2020,147,Eswatini,Africa,3962493092
2020,148,Sierra Leone,Africa,3865018882
2020,149,Suriname,America,3807922874
2020,150,Djibouti,Africa,3384404260
2020,151,Burundi,Africa,3258187232
2020,152,Liberia,Africa,2950000000
2020,153,Bhutan,Asia,2409262838
2020,154,Central Africa,Africa,2303078337
2020,155,Gambia,Africa,1901930157
2020,156,Lesotho,Africa,1844510137
2020,157,Timor Leste,Asia,1821000000
2020,158,Belize,America,1763696118
2020,159,Cape Verde,Africa,1703698676
2020,160,Saint Lucia,America,1703364240
2020,161,Solomon Islands,Oceania,1551245525
2020,162,Guinea Bissau,Africa,1431758242
2020,163,Antigua and Barbuda,America,1415059259
2020,164,Comoros,Africa,1219690024
2020,165,Seychelles,Africa,1124937500
2020,166,Grenada,America,1089203703
2020,167,Saint Kitts and Nevis,America,927451851
2020,168,Turks and Caicos Islands,America,924583000
2020,169,Vanuatu,Oceania,854793640
2020,170,Saint Vincent and the Grenadines,America,809681481
2020,171,Samoa,Oceania,807027244
2020,172,Sao Tome and Principe.,Africa,472914469
2020,173,Dominica,America,469870370
2020,174,Kiribati,Oceania,199573325
2020,175,Tuvalu,Oceania,48855550
