month,type,category,number
2015-01,5 Year,Category A,180
2015-01,5 Year,Category B,98
2015-01,5 Year,Category C,457
2015-01,5 Year,Category D,303
2015-01,10 Year,Category A,28
2015-01,10 Year,Category B,69
2015-01,10 Year,Category C,9
2015-01,10 Year,Category D,227
2015-02,5 Year,Category A,77
2015-02,5 Year,Category B,42
2015-02,5 Year,Category C,548
2015-02,5 Year,Category D,369
2015-02,10 Year,Category A,18
2015-02,10 Year,Category B,15
2015-02,10 Year,Category C,9
2015-02,10 Year,Category D,427
2015-03,5 Year,Category A,286
2015-03,5 Year,Category B,120
2015-03,5 Year,Category C,1966
2015-03,5 Year,Category D,363
2015-03,10 Year,Category A,53
2015-03,10 Year,Category B,70
2015-03,10 Year,Category C,42
2015-03,10 Year,Category D,244
2015-04,5 Year,Category A,523
2015-04,5 Year,Category B,195
2015-04,5 Year,Category C,1098
2015-04,5 Year,Category D,343
2015-04,10 Year,Category A,107
2015-04,10 Year,Category B,122
2015-04,10 Year,Category C,27
2015-04,10 Year,Category D,245
2015-05,5 Year,Category A,478
2015-05,5 Year,Category B,151
2015-05,5 Year,Category C,413
2015-05,5 Year,Category D,200
2015-05,10 Year,Category A,79
2015-05,10 Year,Category B,103
2015-05,10 Year,Category C,5
2015-05,10 Year,Category D,128
2015-06,5 Year,Category A,295
2015-06,5 Year,Category B,114
2015-06,5 Year,Category C,894
2015-06,5 Year,Category D,285
2015-06,10 Year,Category A,46
2015-06,10 Year,Category B,66
2015-06,10 Year,Category C,22
2015-06,10 Year,Category D,107
2015-07,5 Year,Category A,309
2015-07,5 Year,Category B,83
2015-07,5 Year,Category C,1099
2015-07,5 Year,Category D,155
2015-07,10 Year,Category A,42
2015-07,10 Year,Category B,38
2015-07,10 Year,Category C,13
2015-07,10 Year,Category D,56
2015-08,5 Year,Category A,415
2015-08,5 Year,Category B,157
2015-08,5 Year,Category C,833
2015-08,5 Year,Category D,176
2015-08,10 Year,Category A,51
2015-08,10 Year,Category B,76
2015-08,10 Year,Category C,23
2015-08,10 Year,Category D,87
2015-09,5 Year,Category A,635
2015-09,5 Year,Category B,196
2015-09,5 Year,Category C,822
2015-09,5 Year,Category D,215
2015-09,10 Year,Category A,68
2015-09,10 Year,Category B,110
2015-09,10 Year,Category C,20
2015-09,10 Year,Category D,121
2015-10,5 Year,Category A,760
2015-10,5 Year,Category B,209
2015-10,5 Year,Category C,664
2015-10,5 Year,Category D,232
2015-10,10 Year,Category A,114
2015-10,10 Year,Category B,116
2015-10,10 Year,Category C,17
2015-10,10 Year,Category D,117
2015-11,5 Year,Category A,1129
2015-11,5 Year,Category B,283
2015-11,5 Year,Category C,750
2015-11,5 Year,Category D,214
2015-11,10 Year,Category A,189
2015-11,10 Year,Category B,168
2015-11,10 Year,Category C,27
2015-11,10 Year,Category D,178
2015-12,5 Year,Category A,794
2015-12,5 Year,Category B,371
2015-12,5 Year,Category C,1037
2015-12,5 Year,Category D,323
2015-12,10 Year,Category A,87
2015-12,10 Year,Category B,184
2015-12,10 Year,Category C,33
2015-12,10 Year,Category D,190
2016-01,5 Year,Category A,1043
2016-01,5 Year,Category B,463
2016-01,5 Year,Category C,781
2016-01,5 Year,Category D,299
2016-01,10 Year,Category A,155
2016-01,10 Year,Category B,222
2016-01,10 Year,Category C,21
2016-01,10 Year,Category D,239
2016-02,5 Year,Category A,856
2016-02,5 Year,Category B,303
2016-02,5 Year,Category C,516
2016-02,5 Year,Category D,300
2016-02,10 Year,Category A,96
2016-02,10 Year,Category B,135
2016-02,10 Year,Category C,15
2016-02,10 Year,Category D,166
2016-03,5 Year,Category A,1574
2016-03,5 Year,Category B,673
2016-03,5 Year,Category C,1139
2016-03,5 Year,Category D,346
2016-03,10 Year,Category A,235
2016-03,10 Year,Category B,377
2016-03,10 Year,Category C,35
2016-03,10 Year,Category D,189
2016-04,5 Year,Category A,1246
2016-04,5 Year,Category B,592
2016-04,5 Year,Category C,478
2016-04,5 Year,Category D,289
2016-04,10 Year,Category A,237
2016-04,10 Year,Category B,341
2016-04,10 Year,Category C,9
2016-04,10 Year,Category D,224
2016-05,5 Year,Category A,2541
2016-05,5 Year,Category B,1328
2016-05,5 Year,Category C,655
2016-05,5 Year,Category D,371
2016-05,10 Year,Category A,583
2016-05,10 Year,Category B,1181
2016-05,10 Year,Category C,19
2016-05,10 Year,Category D,199
2016-06,5 Year,Category A,2464
2016-06,5 Year,Category B,951
2016-06,5 Year,Category C,767
2016-06,5 Year,Category D,286
2016-06,10 Year,Category A,649
2016-06,10 Year,Category B,740
2016-06,10 Year,Category C,44
2016-06,10 Year,Category D,189
2016-07,5 Year,Category A,979
2016-07,5 Year,Category B,578
2016-07,5 Year,Category C,1303
2016-07,5 Year,Category D,279
2016-07,10 Year,Category A,146
2016-07,10 Year,Category B,262
2016-07,10 Year,Category C,66
2016-07,10 Year,Category D,199
2016-08,5 Year,Category A,882
2016-08,5 Year,Category B,500
2016-08,5 Year,Category C,1059
2016-08,5 Year,Category D,255
2016-08,10 Year,Category A,130
2016-08,10 Year,Category B,204
2016-08,10 Year,Category C,78
2016-08,10 Year,Category D,187
2016-09,5 Year,Category A,371
2016-09,5 Year,Category B,282
2016-09,5 Year,Category C,756
2016-09,5 Year,Category D,351
2016-09,10 Year,Category A,44
2016-09,10 Year,Category B,104
2016-09,10 Year,Category C,52
2016-09,10 Year,Category D,289
2016-10,5 Year,Category A,975
2016-10,5 Year,Category B,514
2016-10,5 Year,Category C,260
2016-10,5 Year,Category D,265
2016-10,10 Year,Category A,121
2016-10,10 Year,Category B,194
2016-10,10 Year,Category C,2
2016-10,10 Year,Category D,199
2016-11,5 Year,Category A,1217
2016-11,5 Year,Category B,566
2016-11,5 Year,Category C,345
2016-11,5 Year,Category D,199
2016-11,10 Year,Category A,222
2016-11,10 Year,Category B,275
2016-11,10 Year,Category C,11
2016-11,10 Year,Category D,165
2016-12,5 Year,Category A,1033
2016-12,5 Year,Category B,541
2016-12,5 Year,Category C,428
2016-12,5 Year,Category D,235
2016-12,10 Year,Category A,140
2016-12,10 Year,Category B,266
2016-12,10 Year,Category C,11
2016-12,10 Year,Category D,202
2017-01,5 Year,Category A,1618
2017-01,5 Year,Category B,917
2017-01,5 Year,Category C,461
2017-01,5 Year,Category D,264
2017-01,10 Year,Category A,261
2017-01,10 Year,Category B,465
2017-01,10 Year,Category C,14
2017-01,10 Year,Category D,238
2017-02,5 Year,Category A,1055
2017-02,5 Year,Category B,616
2017-02,5 Year,Category C,1461
2017-02,5 Year,Category D,379
2017-02,10 Year,Category A,168
2017-02,10 Year,Category B,299
2017-02,10 Year,Category C,38
2017-02,10 Year,Category D,380
2017-03,5 Year,Category A,2005
2017-03,5 Year,Category B,1055
2017-03,5 Year,Category C,5500
2017-03,5 Year,Category D,614
2017-03,10 Year,Category A,407
2017-03,10 Year,Category B,713
2017-03,10 Year,Category C,34
2017-03,10 Year,Category D,712
2017-04,5 Year,Category A,1132
2017-04,5 Year,Category B,630
2017-04,5 Year,Category C,1778
2017-04,5 Year,Category D,282
2017-04,10 Year,Category A,186
2017-04,10 Year,Category B,351
2017-04,10 Year,Category C,32
2017-04,10 Year,Category D,257
2017-05,5 Year,Category A,972
2017-05,5 Year,Category B,860
2017-05,5 Year,Category C,798
2017-05,5 Year,Category D,176
2017-05,10 Year,Category A,120
2017-05,10 Year,Category B,513
2017-05,10 Year,Category C,22
2017-05,10 Year,Category D,101
2017-06,5 Year,Category A,1000
2017-06,5 Year,Category B,409
2017-06,5 Year,Category C,825
2017-06,5 Year,Category D,260
2017-06,10 Year,Category A,174
2017-06,10 Year,Category B,217
2017-06,10 Year,Category C,99
2017-06,10 Year,Category D,177
2017-07,5 Year,Category A,899
2017-07,5 Year,Category B,569
2017-07,5 Year,Category C,2001
2017-07,5 Year,Category D,245
2017-07,10 Year,Category A,197
2017-07,10 Year,Category B,351
2017-07,10 Year,Category C,473
2017-07,10 Year,Category D,181
2017-08,5 Year,Category A,933
2017-08,5 Year,Category B,684
2017-08,5 Year,Category C,1114
2017-08,5 Year,Category D,222
2017-08,10 Year,Category A,228
2017-08,10 Year,Category B,481
2017-08,10 Year,Category C,112
2017-08,10 Year,Category D,210
2017-09,5 Year,Category A,813
2017-09,5 Year,Category B,612
2017-09,5 Year,Category C,517
2017-09,5 Year,Category D,243
2017-09,10 Year,Category A,237
2017-09,10 Year,Category B,531
2017-09,10 Year,Category C,41
2017-09,10 Year,Category D,208
2017-10,5 Year,Category A,888
2017-10,5 Year,Category B,403
2017-10,5 Year,Category C,577
2017-10,5 Year,Category D,258
2017-10,10 Year,Category A,296
2017-10,10 Year,Category B,365
2017-10,10 Year,Category C,47
2017-10,10 Year,Category D,318
2017-11,5 Year,Category A,1614
2017-11,5 Year,Category B,912
2017-11,5 Year,Category C,735
2017-11,5 Year,Category D,446
2017-11,10 Year,Category A,909
2017-11,10 Year,Category B,1385
2017-11,10 Year,Category C,46
2017-11,10 Year,Category D,821
2017-12,5 Year,Category A,714
2017-12,5 Year,Category B,437
2017-12,5 Year,Category C,235
2017-12,5 Year,Category D,332
2017-12,10 Year,Category A,177
2017-12,10 Year,Category B,310
2017-12,10 Year,Category C,11
2017-12,10 Year,Category D,485
2018-01,5 Year,Category A,765
2018-01,5 Year,Category B,433
2018-01,5 Year,Category C,336
2018-01,5 Year,Category D,314
2018-01,10 Year,Category A,160
2018-01,10 Year,Category B,247
2018-01,10 Year,Category C,11
2018-01,10 Year,Category D,440
2018-02,5 Year,Category A,677
2018-02,5 Year,Category B,357
2018-02,5 Year,Category C,372
2018-02,5 Year,Category D,205
2018-02,10 Year,Category A,191
2018-02,10 Year,Category B,315
2018-02,10 Year,Category C,17
2018-02,10 Year,Category D,196
2018-03,5 Year,Category A,1071
2018-03,5 Year,Category B,568
2018-03,5 Year,Category C,809
2018-03,5 Year,Category D,291
2018-03,10 Year,Category A,410
2018-03,10 Year,Category B,567
2018-03,10 Year,Category C,55
2018-03,10 Year,Category D,161
2018-04,5 Year,Category A,1286
2018-04,5 Year,Category B,511
2018-04,5 Year,Category C,845
2018-04,5 Year,Category D,144
2018-04,10 Year,Category A,491
2018-04,10 Year,Category B,650
2018-04,10 Year,Category C,70
2018-04,10 Year,Category D,108
2018-05,5 Year,Category A,1542
2018-05,5 Year,Category B,677
2018-05,5 Year,Category C,1079
2018-05,5 Year,Category D,227
2018-05,10 Year,Category A,617
2018-05,10 Year,Category B,954
2018-05,10 Year,Category C,95
2018-05,10 Year,Category D,167
2018-06,5 Year,Category A,1045
2018-06,5 Year,Category B,649
2018-06,5 Year,Category C,963
2018-06,5 Year,Category D,270
2018-06,10 Year,Category A,362
2018-06,10 Year,Category B,869
2018-06,10 Year,Category C,81
2018-06,10 Year,Category D,174
2018-07,5 Year,Category A,1111
2018-07,5 Year,Category B,611
2018-07,5 Year,Category C,1171
2018-07,5 Year,Category D,245
2018-07,10 Year,Category A,398
2018-07,10 Year,Category B,798
2018-07,10 Year,Category C,71
2018-07,10 Year,Category D,226
2018-08,5 Year,Category A,1285
2018-08,5 Year,Category B,679
2018-08,5 Year,Category C,1036
2018-08,5 Year,Category D,264
2018-08,10 Year,Category A,528
2018-08,10 Year,Category B,908
2018-08,10 Year,Category C,108
2018-08,10 Year,Category D,192
2018-09,5 Year,Category A,1370
2018-09,5 Year,Category B,658
2018-09,5 Year,Category C,931
2018-09,5 Year,Category D,228
2018-09,10 Year,Category A,670
2018-09,10 Year,Category B,987
2018-09,10 Year,Category C,99
2018-09,10 Year,Category D,227
2018-10,5 Year,Category A,1399
2018-10,5 Year,Category B,585
2018-10,5 Year,Category C,730
2018-10,5 Year,Category D,211
2018-10,10 Year,Category A,699
2018-10,10 Year,Category B,988
2018-10,10 Year,Category C,119
2018-10,10 Year,Category D,234
2018-11,5 Year,Category A,1484
2018-11,5 Year,Category B,649
2018-11,5 Year,Category C,532
2018-11,5 Year,Category D,184
2018-11,10 Year,Category A,760
2018-11,10 Year,Category B,1019
2018-11,10 Year,Category C,101
2018-11,10 Year,Category D,196
2018-12,5 Year,Category A,1746
2018-12,5 Year,Category B,516
2018-12,5 Year,Category C,624
2018-12,5 Year,Category D,197
2018-12,10 Year,Category A,935
2018-12,10 Year,Category B,917
2018-12,10 Year,Category C,99
2018-12,10 Year,Category D,391
2019-01,5 Year,Category A,1687
2019-01,5 Year,Category B,753
2019-01,5 Year,Category C,694
2019-01,5 Year,Category D,248
2019-01,10 Year,Category A,1038
2019-01,10 Year,Category B,1836
2019-01,10 Year,Category C,110
2019-01,10 Year,Category D,403
2019-02,5 Year,Category A,1517
2019-02,5 Year,Category B,628
2019-02,5 Year,Category C,846
2019-02,5 Year,Category D,413
2019-02,10 Year,Category A,1017
2019-02,10 Year,Category B,1534
2019-02,10 Year,Category C,112
2019-02,10 Year,Category D,1112
2019-03,5 Year,Category A,2350
2019-03,5 Year,Category B,736
2019-03,5 Year,Category C,1547
2019-03,5 Year,Category D,133
2019-03,10 Year,Category A,2320
2019-03,10 Year,Category B,2012
2019-03,10 Year,Category C,162
2019-03,10 Year,Category D,158
2019-04,5 Year,Category A,2479
2019-04,5 Year,Category B,538
2019-04,5 Year,Category C,1080
2019-04,5 Year,Category D,216
2019-04,10 Year,Category A,2558
2019-04,10 Year,Category B,2190
2019-04,10 Year,Category C,266
2019-04,10 Year,Category D,331
2019-05,5 Year,Category A,1615
2019-05,5 Year,Category B,295
2019-05,5 Year,Category C,599
2019-05,5 Year,Category D,160
2019-05,10 Year,Category A,827
2019-05,10 Year,Category B,545
2019-05,10 Year,Category C,101
2019-05,10 Year,Category D,142
2019-06,5 Year,Category A,718
2019-06,5 Year,Category B,93
2019-06,5 Year,Category C,365
2019-06,5 Year,Category D,152
2019-06,10 Year,Category A,232
2019-06,10 Year,Category B,98
2019-06,10 Year,Category C,50
2019-06,10 Year,Category D,193
2019-07,5 Year,Category A,618
2019-07,5 Year,Category B,173
2019-07,5 Year,Category C,1157
2019-07,5 Year,Category D,188
2019-07,10 Year,Category A,168
2019-07,10 Year,Category B,205
2019-07,10 Year,Category C,64
2019-07,10 Year,Category D,238
2019-08,5 Year,Category A,1184
2019-08,5 Year,Category B,206
2019-08,5 Year,Category C,733
2019-08,5 Year,Category D,352
2019-08,10 Year,Category A,537
2019-08,10 Year,Category B,436
2019-08,10 Year,Category C,93
2019-08,10 Year,Category D,753
2019-09,5 Year,Category A,1175
2019-09,5 Year,Category B,189
2019-09,5 Year,Category C,499
2019-09,5 Year,Category D,163
2019-09,10 Year,Category A,617
2019-09,10 Year,Category B,467
2019-09,10 Year,Category C,94
2019-09,10 Year,Category D,208
2019-10,5 Year,Category A,1040
2019-10,5 Year,Category B,347
2019-10,5 Year,Category C,738
2019-10,5 Year,Category D,120
2019-10,10 Year,Category A,478
2019-10,10 Year,Category B,1191
2019-10,10 Year,Category C,92
2019-10,10 Year,Category D,181
2019-11,5 Year,Category A,403
2019-11,5 Year,Category B,149
2019-11,5 Year,Category C,365
2019-11,5 Year,Category D,88
2019-11,10 Year,Category A,116
2019-11,10 Year,Category B,292
2019-11,10 Year,Category C,41
2019-11,10 Year,Category D,103
2019-12,5 Year,Category A,937
2019-12,5 Year,Category B,265
2019-12,5 Year,Category C,522
2019-12,5 Year,Category D,173
2019-12,10 Year,Category A,469
2019-12,10 Year,Category B,499
2019-12,10 Year,Category C,75
2019-12,10 Year,Category D,213
2020-01,5 Year,Category A,1159
2020-01,5 Year,Category B,289
2020-01,5 Year,Category C,491
2020-01,5 Year,Category D,256
2020-01,10 Year,Category A,443
2020-01,10 Year,Category B,567
2020-01,10 Year,Category C,97
2020-01,10 Year,Category D,450
2020-02,5 Year,Category A,532
2020-02,5 Year,Category B,150
2020-02,5 Year,Category C,425
2020-02,5 Year,Category D,151
2020-02,10 Year,Category A,193
2020-02,10 Year,Category B,436
2020-02,10 Year,Category C,64
2020-02,10 Year,Category D,216
2020-03,5 Year,Category A,574
2020-03,5 Year,Category B,215
2020-03,5 Year,Category C,807
2020-03,5 Year,Category D,214
2020-03,10 Year,Category A,262
2020-03,10 Year,Category B,738
2020-03,10 Year,Category C,79
2020-03,10 Year,Category D,250
2020-04,5 Year,Category A,442
2020-04,5 Year,Category B,136
2020-04,5 Year,Category C,554
2020-04,5 Year,Category D,154
2020-04,10 Year,Category A,236
2020-04,10 Year,Category B,597
2020-04,10 Year,Category C,52
2020-04,10 Year,Category D,142
2020-05,5 Year,Category A,360
2020-05,5 Year,Category B,126
2020-05,5 Year,Category C,259
2020-05,5 Year,Category D,166
2020-05,10 Year,Category A,164
2020-05,10 Year,Category B,491
2020-05,10 Year,Category C,54
2020-05,10 Year,Category D,173
2020-06,5 Year,Category A,427
2020-06,5 Year,Category B,138
2020-06,5 Year,Category C,556
2020-06,5 Year,Category D,191
2020-06,10 Year,Category A,238
2020-06,10 Year,Category B,713
2020-06,10 Year,Category C,45
2020-06,10 Year,Category D,263
2020-07,5 Year,Category A,461
2020-07,5 Year,Category B,159
2020-07,5 Year,Category C,563
2020-07,5 Year,Category D,437
2020-07,10 Year,Category A,257
2020-07,10 Year,Category B,816
2020-07,10 Year,Category C,90
2020-07,10 Year,Category D,1005
2020-08,5 Year,Category A,661
2020-08,5 Year,Category B,194
2020-08,5 Year,Category C,532
2020-08,5 Year,Category D,165
2020-08,10 Year,Category A,419
2020-08,10 Year,Category B,1725
2020-08,10 Year,Category C,75
2020-08,10 Year,Category D,187
2020-09,5 Year,Category A,571
2020-09,5 Year,Category B,151
2020-09,5 Year,Category C,851
2020-09,5 Year,Category D,120
2020-09,10 Year,Category A,403
2020-09,10 Year,Category B,1064
2020-09,10 Year,Category C,171
2020-09,10 Year,Category D,106
2020-10,5 Year,Category A,336
2020-10,5 Year,Category B,67
2020-10,5 Year,Category C,694
2020-10,5 Year,Category D,90
2020-10,10 Year,Category A,208
2020-10,10 Year,Category B,453
2020-10,10 Year,Category C,151
2020-10,10 Year,Category D,58
2020-11,5 Year,Category A,219
2020-11,5 Year,Category B,48
2020-11,5 Year,Category C,371
2020-11,5 Year,Category D,94
2020-11,10 Year,Category A,177
2020-11,10 Year,Category B,354
2020-11,10 Year,Category C,52
2020-11,10 Year,Category D,56
2020-12,5 Year,Category A,334
2020-12,5 Year,Category B,92
2020-12,5 Year,Category C,569
2020-12,5 Year,Category D,221
2020-12,10 Year,Category A,334
2020-12,10 Year,Category B,942
2020-12,10 Year,Category C,69
2020-12,10 Year,Category D,168
2021-01,5 Year,Category A,285
2021-01,5 Year,Category B,75
2021-01,5 Year,Category C,593
2021-01,5 Year,Category D,183
2021-01,10 Year,Category A,284
2021-01,10 Year,Category B,697
2021-01,10 Year,Category C,59
2021-01,10 Year,Category D,127
2021-02,5 Year,Category A,192
2021-02,5 Year,Category B,46
2021-02,5 Year,Category C,585
2021-02,5 Year,Category D,205
2021-02,10 Year,Category A,165
2021-02,10 Year,Category B,305
2021-02,10 Year,Category C,72
2021-02,10 Year,Category D,143
2021-03,5 Year,Category A,270
2021-03,5 Year,Category B,36
2021-03,5 Year,Category C,507
2021-03,5 Year,Category D,171
2021-03,10 Year,Category A,201
2021-03,10 Year,Category B,174
2021-03,10 Year,Category C,43
2021-03,10 Year,Category D,192
2021-04,5 Year,Category A,325
2021-04,5 Year,Category B,145
2021-04,5 Year,Category C,445
2021-04,5 Year,Category D,175
2021-04,10 Year,Category A,443
2021-04,10 Year,Category B,1475
2021-04,10 Year,Category C,41
2021-04,10 Year,Category D,236
2021-05,5 Year,Category A,191
2021-05,5 Year,Category B,62
2021-05,5 Year,Category C,284
2021-05,5 Year,Category D,223
2021-05,10 Year,Category A,118
2021-05,10 Year,Category B,477
2021-05,10 Year,Category C,17
2021-05,10 Year,Category D,258
2021-06,5 Year,Category A,192
2021-06,5 Year,Category B,41
2021-06,5 Year,Category C,524
2021-06,5 Year,Category D,143
2021-06,10 Year,Category A,207
2021-06,10 Year,Category B,262
2021-06,10 Year,Category C,53
2021-06,10 Year,Category D,120
2021-07,5 Year,Category A,80
2021-07,5 Year,Category B,34
2021-07,5 Year,Category C,856
2021-07,5 Year,Category D,143
2021-07,10 Year,Category A,106
2021-07,10 Year,Category B,137
2021-07,10 Year,Category C,46
2021-07,10 Year,Category D,155
2021-08,5 Year,Category A,163
2021-08,5 Year,Category B,27
2021-08,5 Year,Category C,648
2021-08,5 Year,Category D,218
2021-08,10 Year,Category A,234
2021-08,10 Year,Category B,138
2021-08,10 Year,Category C,50
2021-08,10 Year,Category D,255
2021-09,5 Year,Category A,130
2021-09,5 Year,Category B,70
2021-09,5 Year,Category C,757
2021-09,5 Year,Category D,147
2021-09,10 Year,Category A,114
2021-09,10 Year,Category B,588
2021-09,10 Year,Category C,58
2021-09,10 Year,Category D,147
2021-10,5 Year,Category A,142
2021-10,5 Year,Category B,74
2021-10,5 Year,Category C,340
2021-10,5 Year,Category D,126
2021-10,10 Year,Category A,462
2021-10,10 Year,Category B,887
2021-10,10 Year,Category C,33
2021-10,10 Year,Category D,107
2021-11,5 Year,Category A,157
2021-11,5 Year,Category B,36
2021-11,5 Year,Category C,549
2021-11,5 Year,Category D,128
2021-11,10 Year,Category A,304
2021-11,10 Year,Category B,266
2021-11,10 Year,Category C,54
2021-11,10 Year,Category D,88
2021-12,5 Year,Category A,104
2021-12,5 Year,Category B,35
2021-12,5 Year,Category C,538
2021-12,5 Year,Category D,129
2021-12,10 Year,Category A,199
2021-12,10 Year,Category B,150
2021-12,10 Year,Category C,33
2021-12,10 Year,Category D,126
2022-01,5 Year,Category A,77
2022-01,5 Year,Category B,22
2022-01,5 Year,Category C,332
2022-01,5 Year,Category D,238
2022-01,10 Year,Category A,135
2022-01,10 Year,Category B,95
2022-01,10 Year,Category C,30
2022-01,10 Year,Category D,215
2022-02,5 Year,Category A,133
2022-02,5 Year,Category B,46
2022-02,5 Year,Category C,489
2022-02,5 Year,Category D,263
2022-02,10 Year,Category A,220
2022-02,10 Year,Category B,262
2022-02,10 Year,Category C,34
2022-02,10 Year,Category D,234
2022-03,5 Year,Category A,138
2022-03,5 Year,Category B,62
2022-03,5 Year,Category C,877
2022-03,5 Year,Category D,285
2022-03,10 Year,Category A,335
2022-03,10 Year,Category B,300
2022-03,10 Year,Category C,46
2022-03,10 Year,Category D,246
2022-04,5 Year,Category A,79
2022-04,5 Year,Category B,22
2022-04,5 Year,Category C,594
2022-04,5 Year,Category D,162
2022-04,10 Year,Category A,110
2022-04,10 Year,Category B,130
2022-04,10 Year,Category C,20
2022-04,10 Year,Category D,94
2022-05,5 Year,Category A,83
2022-05,5 Year,Category B,30
2022-05,5 Year,Category C,432
2022-05,5 Year,Category D,139
2022-05,10 Year,Category A,66
2022-05,10 Year,Category B,101
2022-05,10 Year,Category C,17
2022-05,10 Year,Category D,95
2022-06,5 Year,Category A,84
2022-06,5 Year,Category B,36
2022-06,5 Year,Category C,510
2022-06,5 Year,Category D,236
2022-06,10 Year,Category A,98
2022-06,10 Year,Category B,204
2022-06,10 Year,Category C,19
2022-06,10 Year,Category D,155
2022-07,5 Year,Category A,104
2022-07,5 Year,Category B,46
2022-07,5 Year,Category C,742
2022-07,5 Year,Category D,428
2022-07,10 Year,Category A,168
2022-07,10 Year,Category B,254
2022-07,10 Year,Category C,22
2022-07,10 Year,Category D,347
2022-08,5 Year,Category A,69
2022-08,5 Year,Category B,26
2022-08,5 Year,Category C,716
2022-08,5 Year,Category D,272
2022-08,10 Year,Category A,143
2022-08,10 Year,Category B,126
2022-08,10 Year,Category C,40
2022-08,10 Year,Category D,214
2022-09,5 Year,Category A,52
2022-09,5 Year,Category B,29
2022-09,5 Year,Category C,515
2022-09,5 Year,Category D,251
2022-09,10 Year,Category A,66
2022-09,10 Year,Category B,66
2022-09,10 Year,Category C,27
2022-09,10 Year,Category D,149
2022-10,5 Year,Category A,34
2022-10,5 Year,Category B,14
2022-10,5 Year,Category C,407
2022-10,5 Year,Category D,301
2022-10,10 Year,Category A,34
2022-10,10 Year,Category B,58
2022-10,10 Year,Category C,17
2022-10,10 Year,Category D,213
2022-11,5 Year,Category A,58
2022-11,5 Year,Category B,34
2022-11,5 Year,Category C,423
2022-11,5 Year,Category D,242
2022-11,10 Year,Category A,66
2022-11,10 Year,Category B,195
2022-11,10 Year,Category C,23
2022-11,10 Year,Category D,199
2022-12,5 Year,Category A,36
2022-12,5 Year,Category B,29
2022-12,5 Year,Category C,241
2022-12,5 Year,Category D,175
2022-12,10 Year,Category A,43
2022-12,10 Year,Category B,71
2022-12,10 Year,Category C,6
2022-12,10 Year,Category D,101
2023-01,5 Year,Category A,44
2023-01,5 Year,Category B,34
2023-01,5 Year,Category C,234
2023-01,5 Year,Category D,164
2023-01,10 Year,Category A,52
2023-01,10 Year,Category B,151
2023-01,10 Year,Category C,12
2023-01,10 Year,Category D,105
2023-02,5 Year,Category A,31
2023-02,5 Year,Category B,26
2023-02,5 Year,Category C,432
2023-02,5 Year,Category D,258
2023-02,10 Year,Category A,29
2023-02,10 Year,Category B,99
2023-02,10 Year,Category C,7
2023-02,10 Year,Category D,146
2023-03,5 Year,Category A,96
2023-03,5 Year,Category B,58
2023-03,5 Year,Category C,447
2023-03,5 Year,Category D,419
2023-03,10 Year,Category A,143
2023-03,10 Year,Category B,366
2023-03,10 Year,Category C,14
2023-03,10 Year,Category D,304
2023-04,5 Year,Category A,205
2023-04,5 Year,Category B,64
2023-04,5 Year,Category C,153
2023-04,5 Year,Category D,299
2023-04,10 Year,Category A,246
2023-04,10 Year,Category B,310
2023-04,10 Year,Category C,4
2023-04,10 Year,Category D,258
2023-05,5 Year,Category A,98
2023-05,5 Year,Category B,28
2023-05,5 Year,Category C,414
2023-05,5 Year,Category D,125
2023-05,10 Year,Category A,62
2023-05,10 Year,Category B,128
2023-05,10 Year,Category C,7
2023-05,10 Year,Category D,82
2023-06,5 Year,Category A,71
2023-06,5 Year,Category B,38
2023-06,5 Year,Category C,545
2023-06,5 Year,Category D,279
2023-06,10 Year,Category A,48
2023-06,10 Year,Category B,137
2023-06,10 Year,Category C,19
2023-06,10 Year,Category D,227
2023-07,5 Year,Category A,42
2023-07,5 Year,Category B,23
2023-07,5 Year,Category C,817
2023-07,5 Year,Category D,331
2023-07,10 Year,Category A,29
2023-07,10 Year,Category B,69
2023-07,10 Year,Category C,32
2023-07,10 Year,Category D,261
2023-08,5 Year,Category A,115
2023-08,5 Year,Category B,57
2023-08,5 Year,Category C,501
2023-08,5 Year,Category D,721
2023-08,10 Year,Category A,89
2023-08,10 Year,Category B,232
2023-08,10 Year,Category C,20
2023-08,10 Year,Category D,1065
2023-09,5 Year,Category A,109
2023-09,5 Year,Category B,60
2023-09,5 Year,Category C,391
2023-09,5 Year,Category D,98
2023-09,10 Year,Category A,120
2023-09,10 Year,Category B,210
2023-09,10 Year,Category C,15
2023-09,10 Year,Category D,80
2023-10,5 Year,Category A,95
2023-10,5 Year,Category B,44
2023-10,5 Year,Category C,533
2023-10,5 Year,Category D,300
2023-10,10 Year,Category A,83
2023-10,10 Year,Category B,188
2023-10,10 Year,Category C,22
2023-10,10 Year,Category D,276
2023-11,5 Year,Category A,29
2023-11,5 Year,Category B,11
2023-11,5 Year,Category C,276
2023-11,5 Year,Category D,152
2023-11,10 Year,Category A,13
2023-11,10 Year,Category B,14
2023-11,10 Year,Category C,18
2023-11,10 Year,Category D,106
2023-12,5 Year,Category A,72
2023-12,5 Year,Category B,34
2023-12,5 Year,Category C,623
2023-12,5 Year,Category D,305
2023-12,10 Year,Category A,50
2023-12,10 Year,Category B,51
2023-12,10 Year,Category C,33
2023-12,10 Year,Category D,291
2024-01,5 Year,Category A,128
2024-01,5 Year,Category B,36
2024-01,5 Year,Category C,458
2024-01,5 Year,Category D,357
2024-01,10 Year,Category A,69
2024-01,10 Year,Category B,87
2024-01,10 Year,Category C,20
2024-01,10 Year,Category D,406
