Genre,0
Drama,52
Action,52
Shounen,48
Fantasy,35
Comedy,26
Violence,24
Supernatural,24
Adventure,22
Mature Themes,20
Romance,20
Sci Fi,19
Swordplay,16
School Life,14
Orphans,13
Sports,12
Shoujo,11
Feudal Japan,10
Demons,10
Historical,9
Dark Fantasy,9
Original Work,9
Seinen,9
Horror,9
Samurai,9
Gag,9
Aliens,9
Tournaments,9
Superpowers,9
Japanese Mythology,8
Explicit Violence,8
Overpowered Main Characters,8
Death of a Loved One,8
Physical Abuse,8
Episodic,8
Military,8
Crude,7
Melancholy,7
Monsters,7
Slapstick,7
Mystery,7
War,7
Volleyball,7
Person in a Strange World,7
Royalty,7
Chinese Animation,7
Magic,7
School Club,7
Political,7
Iyashikei,6
Slice of Life,6
Isolated Society,6
Non-Human Protagonists,6
Youkai,6
Xianxia,6
Domestic Abuse,6
Outside World,6
Psychological,6
Suicide,6
Post-apocalyptic,6
Parody,6
Curse,6
Animal Abuse,6
Isekai,5
Coming of Age,5
Emotional Abuse,5
Opposites Attract,5
Countryside,5
Cannibalism,5
Shounen-ai,5
Siblings,5
BL,5
Time Travel,5
Ancient China,5
Mind Games,4
RPG,4
Reincarnation,4
Martial Arts,4
noitaminA,4
Explicit Violence,4
Animal Transformation,4
Conspiracy,4
Cats,4
Bullying,4
Bodyguards,4
Contemporary Fantasy,4
Cultivation,4
Violence,3
Mature Themes,3
Disability,3
Rebellions,3
Drug Use,3
Dysfunctional Families,3
Revenge,3
Cheats,3
Illness,3
Breaking the Fourth Wall,3
Boxing,3
Modern Knowledge,3
Europe,3
Interspecies Relationship,3
Slimes,3
Mental Illness,3
Hand to Hand Combat,3
Suicide,3
Superheroes,3
Management,3
Animeism,3
Kingdom Building,3
Animal Characteristics,3
Thriller,3
Weak to Strong,3
Lifestyle Change,3
Recap,2
Proxy Battles,2
Psychic Powers,2
Trains,2
Zombies,2
Afterlife,2
Rivalries,2
Terrorism,2
Secret Identity,2
Survival,2
Sexual Abuse,2
America,2
Adult Couples,2
Real Robot,2
Gods,2
Ghosts,2
Medieval,2
Mecha,2
Exorcists,2
Demon King,2
LGBT Themes,2
Love Triangle,2
Forest,2
Music,2
Family Life,2
Nudity,2
Family Friendly,2
Criminals,1
Assassins,1
Summoned Into Another World,1
Master-Servant Relationship,1
Love Confession,1
Mature Romance,1
Student Council,1
Teaching,1
Korean Animation,1
Loneliness,1
Betrayal,1
Tsundere,1
Urban Fantasy,1
Vampires,1
Framed for a Crime,1
Italy,1
All-Boys School,1
Age Transformation,1
Gangs,1
Werewolves,1
Western,1
Witches,1
Gender Bender,1
Basketball,1
Board Games,1
Single Parent,1
Chibi,1
Physical Abuse,1
Prehistoric,1
Prison,1
Prostitution,1
Cyborgs,1
Outer Space,1
Codependency,1
Racing,1
Heaven,1
Domestic Abuse,1
Childcare,1
Religion,1
Nudity,1
Ecchi,1
Romantic Comedy,1
Crime,1
Noir,1
NEET,1
Satire,1
CG Animation,1
Emotional Abuse,1
England,1
Monster-of-the-week,1
Self-Harm,1
Senpai-Kouhai Relationship,1
Serial Killers,1
Environmental,1
Sexual Content,1
Bounty Hunters,1
Body Swapping,1
15th Century,1
