Studio,0
Production I.G,8
WIT Studio,7
Sunrise,6
BN Pictures,6
Bones,6
MADHOUSE,5
MAPPA,4
David Production,4
Kyoto Animation,4
ufotable,4
Brain's Base,4
A-1 Pictures,3
Studio Ghibli,3
CloverWorks,3
Lerche,3
8-Bit,3
B.C MAY PICTURES,3
8 Pan,2
TMS Entertainment,2
Artland,2
SHAFT,2
Shuka,2
Haoliners Animation League,2
Tiger Animation,1
Studio Pivote,1
WHITE FOX,1
Studio VOLN,1
CoMix Wave Films,1
Studio LAN,1
Studio Chizu,1
Studio Bind,1
Pierrot,1
Kinema Citrus,1
J.C.Staff,1
Sparkly Key Animation Studio,1
